id,shop_id,decision_id,name,description,category,entity_type,abuse_type,created_at,created_by,updated_at,updated_by
1,1,accept_order_payment_abuse,accept_order,accept_order,ACCEPT,ORDER,PAYMENT_ABUSE,"2020-07-12 04:17:09",NULL,"2020-07-12 04:17:09",NULL
2,1,bad_order_payment_abuse_6,bad_order,bad_order,BLOCK,ORDER,PAYMENT_ABUSE,"2020-07-12 04:18:28",NULL,"2020-07-12 04:18:28",NULL
3,1,watch_order_payment_abuse,watch_order,watch_order,WATCH,ORDER,PAYMENT_ABUSE,"2020-07-12 04:17:40",NULL,"2020-07-12 04:17:40",NULL
4,1,bad_order_payment_abuse_7,bad_order,bad_order,BLOCK,ORDER,PAYMENT_ABUSE,"2020-07-12 04:43:52",NULL,"2020-07-12 04:43:52",NULL
5,1,cancel_order_payment_abuse,cancel_order,cancel_order,BLOCK,ORDER,PAYMENT_ABUSE,"2020-07-12 17:12:59",NULL,"2020-07-12 17:12:59",NULL
6,2,accept_order_payment_abuse,accept_order,accept_order,ACCEPT,ORDER,PAYMENT_ABUSE,"2020-07-12 04:17:09",NULL,"2020-07-12 04:17:09",NULL
7,2,bad_order_payment_abuse_7,bad_order,bad_order,BLOCK,ORDER,PAYMENT_ABUSE,"2020-07-12 04:43:52",NULL,"2020-07-12 04:43:52",NULL
8,2,cancel_order_payment_abuse,cancel_order,cancel_order,BLOCK,ORDER,PAYMENT_ABUSE,"2020-07-12 17:12:59",NULL,"2020-07-12 17:12:59",NULL
9,2,watch_order_payment_abuse,watch_order,watch_order,WATCH,ORDER,PAYMENT_ABUSE,"2020-07-12 04:17:40",NULL,"2020-07-12 04:17:40",NULL
10,2,test_accept_order_payment_abuse,"test accept order",test,ACCEPT,ORDER,PAYMENT_ABUSE,"2020-07-15 03:57:55",NULL,"2020-07-15 03:57:55",NULL
11,2,test_block_order_payment_abuse,"test block order",test,BLOCK,ORDER,PAYMENT_ABUSE,"2020-07-15 03:57:40",NULL,"2020-07-15 03:57:40",NULL
12,2,test_watch_payment_abuse,"test watch",test,WATCH,ORDER,PAYMENT_ABUSE,"2020-07-15 04:26:38",NULL,"2020-07-15 04:26:38",NULL
13,2,webhook_block_payment_abuse,"webhook block",test,BLOCK,ORDER,PAYMENT_ABUSE,"2020-07-15 05:04:11",NULL,"2020-07-15 05:04:59",NULL
14,2,webhook_watch_payment_abuse,"webhook watch",test,WATCH,ORDER,PAYMENT_ABUSE,"2020-07-15 05:06:00",NULL,"2020-07-15 05:06:00",NULL
15,1,test_accept_order_payment_abuse,"test accept order",test,ACCEPT,ORDER,PAYMENT_ABUSE,"2020-07-15 03:57:55",NULL,"2020-07-15 03:57:55",NULL
16,1,test_block_order_payment_abuse,"test block order",test,BLOCK,ORDER,PAYMENT_ABUSE,"2020-07-15 03:57:40",NULL,"2020-07-15 03:57:40",NULL
17,1,test_watch_payment_abuse,"test watch",test,WATCH,ORDER,PAYMENT_ABUSE,"2020-07-15 04:26:38",NULL,"2020-07-15 04:26:38",NULL
18,1,webhook_block_payment_abuse,"webhook block",test,BLOCK,ORDER,PAYMENT_ABUSE,"2020-07-15 05:04:11",NULL,"2020-07-15 05:04:59",NULL
19,1,webhook_watch_payment_abuse,"webhook watch",test,WATCH,ORDER,PAYMENT_ABUSE,"2020-07-15 05:06:00",NULL,"2020-07-15 05:06:00",NULL
20,1,chargeback_accepted_payment_abuse,chargeback_accepted,chargeback_accepted,BLOCK,ORDER,PAYMENT_ABUSE,"2020-07-24 15:55:46",NULL,"2020-07-24 15:55:46",NULL
