id,order_id,type,amount,currency,reason,network_reason_code,status,shop_id,sift_status
1735032905,2339912548425,chargeback,652.17,USD,fraudulent,83,lost,1,0
1736638537,2340143792201,chargeback,733.01,USD,fraudulent,83,under_review,1,0
1737064521,2340148478025,chargeback,733.01,USD,fraudulent,83,under_review,1,0
1737097289,2340219322441,chargeback,733.01,USD,fraudulent,83,under_review,1,0
1737130057,2340301307977,chargeback,1041.53,USD,fraudulent,83,under_review,1,0
1823178825,2426547994697,chargeback,216.67,USD,fraudulent,83,lost,1,0
1850212425,2453847834697,chargeback,605.35,USD,fraudulent,83,lost,1,0
1854144585,2458299138121,chargeback,756.69,USD,fraudulent,83,lost,1,0
1855127625,2458987331657,chargeback,1324.00,USD,fraudulent,83,lost,1,0
1857617993,2461430153289,chargeback,789.35,USD,fraudulent,83,lost,1,0
1863843913,2468082221129,chargeback,756.69,USD,fraudulent,83,lost,1,0
1867481161,2470801473609,chargeback,1299.00,USD,fraudulent,83,lost,1,0
