id,orderno,order_id,shop_id,customer_id,customer_name,amount,status,sift_score,action_taken,email,order_crt_date,order_upd_date,crt_date,upd_date,decision,environment,order_billed,tag,cvv_result_code,user_agent,accept_language,browser_ip,gateway,refund_amount
1,1160,2476035899465,1,3224013471817,"Manish Gupta",725.00,1,44.00,BLOCK,manishgupta501@gmail.com,"2020-07-29 13:56:41","2020-07-29 13:56:43","2020-07-29 13:56:45","2020-07-29 13:56:53",accept_order_payment_abuse,0,1,NULL,NULL,NULL,NULL,NULL,shopify_payments,NULL
2,1161,2476040093769,1,3229892149321,"Manish Gupta",1299.00,1,46.00,BLOCK,,"2020-07-29 13:59:12","2020-07-29 14:18:05","2020-07-29 13:59:15","2020-07-29 14:19:51",accept_order_payment_abuse,0,1,NULL,NULL,NULL,NULL,NULL,shopify_payments,NULL
3,1162,2476363677769,1,3123154780233,"Sahil Gupta",695.00,1,37.00,BLOCK,gupta.sahil1234@gmail.com,"2020-07-29 16:26:14","2020-07-29 16:36:48","2020-08-11 18:45:53","2020-08-12 16:37:14",accept_order_payment_abuse,0,1,NULL,NULL,NULL,NULL,NULL,shopify_payments,NULL
4,1163,2477892829257,1,3123154780233,"Sahil Gupta",3897.00,1,49.00,BLOCK,gupta.sahil1234@gmail.com,"2020-07-30 05:33:46","2020-07-30 05:36:05","2020-07-30 05:33:49","2020-07-30 05:36:27",accept_order_payment_abuse,0,1,NULL,NULL,NULL,NULL,NULL,shopify_payments,NULL
5,1164,2478326349897,2,3123154780233,"Sahil Gupta",3897.00,1,48.00,BLOCK,gupta.sahil1234@gmail.com,"2020-07-30 10:06:09","2020-07-30 10:09:14","2020-07-30 10:06:12","2020-07-30 10:09:33",accept_order_payment_abuse,0,1,NULL,NULL,NULL,NULL,NULL,shopify_payments,NULL
6,1165,2481855561801,2,3123686637641,"Saurabh Sharma",756.69,1,40.00,BLOCK,saurabh@mobikasa.com,"2020-07-31 17:25:21","2020-07-31 17:27:48","2020-08-11 18:46:30","2020-08-12 17:28:14",accept_order_payment_abuse:watch_order_payment_abuse,0,1,"sift_decision_action:ACCEPT, sift_env:Staging, sift_score:40,sift_decision_action:WATCH",NULL,NULL,NULL,NULL,shopify_payments,NULL
