id,order_id,data,event,store_id,created_at
1,2476035899465,"{""entity"":{""id"":""2476035899465"",""type"":""order""},""decision"":{""id"":""accept_order_payment_abuse""},""time"":1596031011434}",order_webhook,1,"2020-07-29 13:56:51"
2,2476040093769,"{""entity"":{""id"":""2476040093769"",""type"":""order""},""decision"":{""id"":""accept_order_payment_abuse""},""time"":1596031161136}",order_webhook,1,"2020-07-29 13:59:21"
3,2476363677769,"{""entity"":{""id"":""2476363677769"",""type"":""order""},""decision"":{""id"":""accept_order_payment_abuse""},""time"":1596040606621}",order_webhook,1,"2020-07-29 16:36:47"
4,2477892829257,"{""entity"":{""id"":""2477892829257"",""type"":""order""},""decision"":{""id"":""accept_order_payment_abuse""},""time"":1596087236039}",order_webhook,1,"2020-07-30 05:33:56"
5,2478326349897,"{""entity"":{""id"":""2478326349897"",""type"":""order""},""decision"":{""id"":""accept_order_payment_abuse""},""time"":1596103577340}",order_webhook,1,"2020-07-30 10:06:17"
6,2481855561801,"{""entity"":{""id"":""2481855561801"",""type"":""order""},""decision"":{""id"":""accept_order_payment_abuse""},""time"":1596216332259}",order_webhook,1,"2020-07-31 17:25:32"
7,2481855561801,"{""entity"":{""id"":""2481855561801"",""type"":""order""},""decision"":{""id"":""watch_order_payment_abuse""},""time"":1596216466589}",order_webhook,1,"2020-07-31 17:27:47"
8,2464114638921,"{
  ""entity"": {
    ""type"": ""order"",
    ""id"": ""2464114638921""
  },
  ""decision"": {
    ""id"": ""cancel_order_payment_abuse""
  },
  ""time"": 1461963439151
}",order_webhook,0,"2020-08-01 18:51:13"
9,2464114638921,"{
  ""entity"": {
    ""type"": ""order"",
    ""id"": ""2464114638921""
  },
  ""decision"": {
    ""id"": ""cancel_order_payment_abuse""
  },
  ""time"": 1461963439151
}",order_webhook,0,"2020-08-01 18:52:23"
10,2642647580836,"{""entity"":{""id"":""2642647580836"",""type"":""order""},""decision"":{""id"":""watch_order_payment_abuse""},""time"":1596378236286}",order_webhook,0,"2020-08-02 14:23:57"
11,2643867926692,"{""entity"":{""id"":""2643867926692"",""type"":""order""},""decision"":{""id"":""watch_order_payment_abuse""},""time"":1596436880886}",order_webhook,0,"2020-08-03 06:41:21"
12,2649495371940,"{""entity"":{""id"":""2649495371940"",""type"":""order""},""decision"":{""id"":""watch_order_payment_abuse""},""time"":1596709237509}",order_webhook,0,"2020-08-06 10:20:37"
13,2649500024996,"{""entity"":{""id"":""2649500024996"",""type"":""order""},""decision"":{""id"":""watch_order_payment_abuse""},""time"":1596709503326}",order_webhook,0,"2020-08-06 10:25:03"
14,2649504317604,"{""entity"":{""id"":""2649504317604"",""type"":""order""},""decision"":{""id"":""watch_order_payment_abuse""},""time"":1596709767707}",order_webhook,0,"2020-08-06 10:29:28"
15,2649537151140,"{""entity"":{""id"":""2649537151140"",""type"":""order""},""decision"":{""id"":""watch_order_payment_abuse""},""time"":1596711586687}",order_webhook,0,"2020-08-06 10:59:46"
