id,transaction_id,order_id,transaction_type,transaction_status,gateway,message,created_at,authorization,location_id,user_id,error_code,source_name,amount,currency,status,shop_id,crt_date,upd_date,billing_address,cvv_result_code,avs_result_code,credit_card_company,credit_card_number,credit_card_bin,email
288,3100095283273,2477892829257,$authorize,$success,shopify_payments,"Transaction approved","2020-07-30 05:33:43",pi_1HAUOiB7GARHQgn3vK1mipUu,NULL,NULL,NULL,web,3897.00,USD,1,1,"2020-07-30 05:33:49","2020-07-30 05:33:55","{""address1"":""sdfas"",""address2"":""asdfasdf"",""city"":""Ghaziabad"",""country"":""India"",""country_code"":""IN"",""first_name"":""Sahil"",""last_name"":""Gupta"",""name"":""Sahil Gupta"",""phone"":""09582011805"",""province"":""Uttar Pradesh"",""province_code"":""UP"",""zip"":""201014""}",M,Y,Visa,"•••• •••• •••• 1111",411111,gupta.sahil1234@gmail.com
289,3100100264009,2477892829257,$capture,$success,shopify_payments,"Transaction approved","2020-07-30 05:35:36",pi_1HAUOiB7GARHQgn3vK1mipUu,NULL,NULL,NULL,web,3897.00,USD,1,1,"2020-07-30 05:35:39","2020-07-30 05:35:39","{""address1"":""sdfas"",""address2"":""asdfasdf"",""city"":""Ghaziabad"",""country"":""India"",""country_code"":""IN"",""first_name"":""Sahil"",""last_name"":""Gupta"",""name"":""Sahil Gupta"",""phone"":""09582011805"",""province"":""Uttar Pradesh"",""province_code"":""UP"",""zip"":""201014""}",,,,,,gupta.sahil1234@gmail.com
290,3100101378121,2477892829257,$refund,$success,shopify_payments,"Transaction approved","2020-07-30 05:36:02",re_1HAUQyB7GARHQgn3bYuXDZOE,NULL,40714436681,NULL,1830279,1299.00,USD,0,1,"2020-07-30 05:36:06","2020-07-30 05:36:06",NULL,,,,,,NULL
291,3100568387657,2478326349897,$authorize,$success,shopify_payments,"Transaction approved","2020-07-30 10:06:07",pi_1HAYeJB7GARHQgn3DBqT8YJy,NULL,NULL,NULL,web,3897.00,USD,1,1,"2020-07-30 10:06:11","2020-07-30 10:06:17","{""address1"":""sdfas"",""address2"":""asdfasdf"",""city"":""Ghaziabad"",""country"":""India"",""country_code"":""IN"",""first_name"":""Sahil"",""last_name"":""Gupta"",""name"":""Sahil Gupta"",""phone"":""09582011805"",""province"":""Uttar Pradesh"",""province_code"":""UP"",""zip"":""201014""}",M,Y,Visa,"•••• •••• •••• 1111",411111,gupta.sahil1234@gmail.com
292,3100569665609,2478326349897,$capture,$success,shopify_payments,"Transaction approved","2020-07-30 10:06:58",pi_1HAYeJB7GARHQgn3DBqT8YJy,NULL,NULL,NULL,web,3897.00,USD,1,1,"2020-07-30 10:07:00","2020-07-30 10:07:00","{""address1"":""sdfas"",""address2"":""asdfasdf"",""city"":""Ghaziabad"",""country"":""India"",""country_code"":""IN"",""first_name"":""Sahil"",""last_name"":""Gupta"",""name"":""Sahil Gupta"",""phone"":""09582011805"",""province"":""Uttar Pradesh"",""province_code"":""UP"",""zip"":""201014""}",,,,,,gupta.sahil1234@gmail.com
293,3100572221513,2478326349897,$refund,$success,shopify_payments,"Transaction approved","2020-07-30 10:09:10",re_1HAYhIB7GARHQgn3RzcBNzIa,NULL,40714436681,NULL,1830279,3897.00,USD,0,1,"2020-07-30 10:09:15","2020-07-30 10:09:15",NULL,,,,,,NULL
294,3104611827785,2481855561801,$authorize,$success,shopify_payments,"Transaction approved","2020-07-31 17:25:18",pi_1HB1ysB7GARHQgn3Dirvb18N,NULL,NULL,NULL,web,756.69,USD,1,1,"2020-07-31 17:25:24","2020-07-31 17:25:31","{""address1"":""Appartment 8R, 4 Park Avenue"",""address2"":"""",""city"":""New York"",""country"":""United States"",""country_code"":""US"",""first_name"":""Saurabh"",""last_name"":""Sharma"",""name"":""Saurabh Sharma"",""phone"":""9179007086"",""province"":""New York"",""province_code"":""NY"",""zip"":""10016""}",M,Y,Visa,"•••• •••• •••• 4242",424242,saurabh@mobikasa.com
295,3104614580297,2481855561801,$capture,$success,shopify_payments,"Transaction approved","2020-07-31 17:26:31",pi_1HB1ysB7GARHQgn3Dirvb18N,NULL,NULL,NULL,web,756.69,USD,1,1,"2020-07-31 17:26:34","2020-07-31 17:26:35","{""address1"":""Appartment 8R, 4 Park Avenue"",""address2"":"""",""city"":""New York"",""country"":""United States"",""country_code"":""US"",""first_name"":""Saurabh"",""last_name"":""Sharma"",""name"":""Saurabh Sharma"",""phone"":""9179007086"",""province"":""New York"",""province_code"":""NY"",""zip"":""10016""}",,,,,,saurabh@mobikasa.com
